ID,PRICE,BEDROOMS,BATHROOMS,SQFT_LIVING,SQFT_LOT,FLOORS,WATERFRONT,VIEW,CONDITION,GRADE,SQFT_ABOVE,SQFT_BASEMENT,YR_BUILT,YR_RENOVATED,ZIPCODE,LAT,LONG,SQFT_LIVING15,SQFT_LOT15,DATE
7129300520,221900,3,1.0,1180,5650,1.0,0,0,3,7,1180,0,1955,0,98178,47.5112,-122.257,1340,5650,2014-10-13
6414100192,538000,3,2.25,2570,7242,2.0,0,0,3,7,2170,400,1951,1991,98125,47.721,-122.319,1690,7639,2014-12-09
5631500400,180000,2,1.0,770,10000,1.0,0,0,3,6,770,0,1933,0,98028,47.7379,-122.233,2720,8062,2015-02-25
2487200875,604000,4,3.0,1960,5000,1.0,0,0,5,7,1050,910,1965,0,98136,47.5208,-122.393,1360,5000,2014-12-09
1954400510,510000,3,2.0,1680,8080,1.0,0,0,3,8,1680,0,1987,0,98074,47.6168,-122.045,1800,7503,2015-02-18
7237550310,1225000,4,4.5,5420,101930,1.0,0,0,3,11,3890,1530,2001,0,98053,47.6561,-122.005,4760,101930,2014-05-12
1321400060,257500,3,2.25,1715,6819,2.0,0,0,3,7,1715,0,1995,0,98003,47.3097,-122.327,2238,6819,2014-06-27
2008000270,291850,3,1.5,1060,9711,1.0,0,0,3,7,1060,0,1963,0,98198,47.4095,-122.315,1650,9711,2015-01-15
2414600126,229500,3,1.0,1780,7470,1.0,0,0,3,7,1050,730,1960,0,98146,47.5123,-122.337,1780,8113,2015-04-15
3793500160,323000,3,2.5,1890,6560,2.0,0,0,3,7,1890,0,2003,0,98038,47.3684,-122.031,2390,7570,2015-03-12
1736800520,662500,3,2.5,3560,9796,1.0,0,0,3,8,1860,1700,1965,0,98007,47.6007,-122.145,2210,8925,2015-04-03
9212900260,468000,2,1.0,1160,6000,1.0,0,0,4,7,860,300,1942,0,98115,47.69,-122.292,1330,6000,2014-05-27
114101516,310000,3,1.0,1430,19901,1.5,0,0,4,7,1430,0,1927,0,98028,47.7558,-122.229,1780,12697,2014-05-28
6054650070,400000,3,1.75,1370,9680,1.0,0,0,4,7,1370,0,1977,0,98074,47.6127,-122.045,1370,10208,2014-10-07
1175000570,530000,5,2.0,1810,4850,1.5,0,0,3,7,1810,0,1900,0,98107,47.67,-122.394,1360,4850,2015-03-12
9297300055,650000,4,3.0,2950,5000,2.0,0,3,3,9,1980,970,1979,0,98126,47.5714,-122.375,2140,4000,2015-01-24
1875500060,395000,3,2.0,1890,14040,2.0,0,0,3,7,1890,0,1994,0,98019,47.7277,-121.962,1890,14018,2014-07-31
6865200140,485000,4,1.0,1600,4300,1.5,0,0,4,7,1600,0,1916,0,98103,47.6648,-122.343,1610,4300,2014-05-29
16000397,189000,2,1.0,1200,9850,1.0,0,0,4,7,1200,0,1921,0,98002,47.3089,-122.21,1060,5095,2014-12-05
